Name,Price,Instock
A, ,L,i,g,h,t, ,i,n, ,t,h,e, ,.,.,.
Â,£,5,1,.,7,7
"
","
", , , , ,"
", , , , , , , , ,I,n, ,s,t,o,c,k,"
", , , , ,"
"
T,i,p,p,i,n,g, ,t,h,e, ,V,e,l,v,e,t
Â,£,5,3,.,7,4
"
","
", , , , ,"
", , , , , , , , ,I,n, ,s,t,o,c,k,"
", , , , ,"
"
S,o,u,m,i,s,s,i,o,n
Â,£,5,0,.,1,0
"
","
", , , , ,"
", , , , , , , , ,I,n, ,s,t,o,c,k,"
", , , , ,"
"
S,h,a,r,p, ,O,b,j,e,c,t,s
Â,£,4,7,.,8,2
"
","
", , , , ,"
", , , , , , , , ,I,n, ,s,t,o,c,k,"
", , , , ,"
"
S,a,p,i,e,n,s,:, ,A, ,B,r,i,e,f, ,H,i,s,t,o,r,y, ,.,.,.
Â,£,5,4,.,2,3
"
","
", , , , ,"
", , , , , , , , ,I,n, ,s,t,o,c,k,"
", , , , ,"
"
T,h,e, ,R,e,q,u,i,e,m, ,R,e,d
Â,£,2,2,.,6,5
"
","
", , , , ,"
", , , , , , , , ,I,n, ,s,t,o,c,k,"
", , , , ,"
"
T,h,e, ,D,i,r,t,y, ,L,i,t,t,l,e, ,S,e,c,r,e,t,s, ,.,.,.
Â,£,3,3,.,3,4
"
","
", , , , ,"
", , , , , , , , ,I,n, ,s,t,o,c,k,"
", , , , ,"
"
T,h,e, ,C,o,m,i,n,g, ,W,o,m,a,n,:, ,A, ,.,.,.
Â,£,1,7,.,9,3
"
","
", , , , ,"
", , , , , , , , ,I,n, ,s,t,o,c,k,"
", , , , ,"
"
T,h,e, ,B,o,y,s, ,i,n, ,t,h,e, ,.,.,.
Â,£,2,2,.,6,0
"
","
", , , , ,"
", , , , , , , , ,I,n, ,s,t,o,c,k,"
", , , , ,"
"
T,h,e, ,B,l,a,c,k, ,M,a,r,i,a
Â,£,5,2,.,1,5
"
","
", , , , ,"
", , , , , , , , ,I,n, ,s,t,o,c,k,"
", , , , ,"
"
S,t,a,r,v,i,n,g, ,H,e,a,r,t,s, ,(,T,r,i,a,n,g,u,l,a,r, ,T,r,a,d,e, ,.,.,.
Â,£,1,3,.,9,9
"
","
", , , , ,"
", , , , , , , , ,I,n, ,s,t,o,c,k,"
", , , , ,"
"
S,h,a,k,e,s,p,e,a,r,e,',s, ,S,o,n,n,e,t,s
Â,£,2,0,.,6,6
"
","
", , , , ,"
", , , , , , , , ,I,n, ,s,t,o,c,k,"
", , , , ,"
"
S,e,t, ,M,e, ,F,r,e,e
Â,£,1,7,.,4,6
"
","
", , , , ,"
", , , , , , , , ,I,n, ,s,t,o,c,k,"
", , , , ,"
"
S,c,o,t,t, ,P,i,l,g,r,i,m,',s, ,P,r,e,c,i,o,u,s, ,L,i,t,t,l,e, ,.,.,.
Â,£,5,2,.,2,9
"
","
", , , , ,"
", , , , , , , , ,I,n, ,s,t,o,c,k,"
", , , , ,"
"
R,i,p, ,i,t, ,U,p, ,a,n,d, ,.,.,.
Â,£,3,5,.,0,2
"
","
", , , , ,"
", , , , , , , , ,I,n, ,s,t,o,c,k,"
", , , , ,"
"
O,u,r, ,B,a,n,d, ,C,o,u,l,d, ,B,e, ,.,.,.
Â,£,5,7,.,2,5
"
","
", , , , ,"
", , , , , , , , ,I,n, ,s,t,o,c,k,"
", , , , ,"
"
O,l,i,o
Â,£,2,3,.,8,8
"
","
", , , , ,"
", , , , , , , , ,I,n, ,s,t,o,c,k,"
", , , , ,"
"
M,e,s,a,e,r,i,o,n,:, ,T,h,e, ,B,e,s,t, ,S,c,i,e,n,c,e, ,.,.,.
Â,£,3,7,.,5,9
"
","
", , , , ,"
", , , , , , , , ,I,n, ,s,t,o,c,k,"
", , , , ,"
"
L,i,b,e,r,t,a,r,i,a,n,i,s,m, ,f,o,r, ,B,e,g,i,n,n,e,r,s
Â,£,5,1,.,3,3
"
","
", , , , ,"
", , , , , , , , ,I,n, ,s,t,o,c,k,"
", , , , ,"
"
I,t,',s, ,O,n,l,y, ,t,h,e, ,H,i,m,a,l,a,y,a,s
Â,£,4,5,.,1,7
"
","
", , , , ,"
", , , , , , , , ,I,n, ,s,t,o,c,k,"
", , , , ,"
"
